geometry,crs,temporal_extent,EC_hcat_n,id,backend_name,status,start_time,running_start_time,cpu,memory,duration
"POLYGON ((27.26697005 58.17552972, 27.26689115 58.17554694, 27.26684633 58.17555964, 27.26680735 58.1755734, 27.2667695 58.17559106, 27.2665815 58.17591775, 27.26610149 58.17678437, 27.26608904 58.176812, 27.2661018 58.17682973, 27.26613888 58.17684436, 27.26616641 58.1768477, 27.26662362 58.17685988, 27.26805404 58.1768872, 27.26817187 58.17689017, 27.26826899 58.17689468, 27.26837518 58.17690655, 27.26842807 58.17690796, 27.26866451 58.17694378, 27.26880704 58.1769599, 27.26887862 58.17696057, 27.26892644 58.17695346, 27.26896713 58.17693373, 27.26898994 58.17691615, 27.26898918 58.17691138, 27.26921339 58.17655008, 27.26910463 58.17627197, 27.26898111 58.17610397, 27.26855138 58.17558837, 27.26853391 58.17557648, 27.26853137 58.17557562, 27.2669781 58.17552907, 27.26697005 58.17552972))",EPSG:4326,"['2024-01-01', '2024-03-01']",flax_linseed_oil,,,not_started,,,,,
"POLYGON ((27.31033772 58.0964702, 27.31021952 58.09647731, 27.31012678 58.09646619, 27.31008322 58.09648252, 27.31003566 58.0965265, 27.31003642 58.09656921, 27.31003953 58.09658997, 27.31010109 58.09668656, 27.31030624 58.09697382, 27.31048099 58.09721089, 27.3105662 58.09734898, 27.31063554 58.09739056, 27.31072597 58.0974174, 27.31084573 58.09742614, 27.31104332 58.09742829, 27.31618432 58.09717822, 27.31918333 58.09703173, 27.32215348 58.09558425, 27.32234418 58.09548998, 27.32254374 58.0953882, 27.32255631 58.09538103, 27.32255419 58.09537154, 27.32255819 58.09535914, 27.32256624 58.09534867, 27.32258234 58.09534142, 27.32259901 58.0953403, 27.32261852 58.09534183, 27.32262884 58.09534155, 27.32267383 58.09532189, 27.32299095 58.09516008, 27.323011 58.09514931, 27.32303957 58.09511703, 27.32306518 58.09507079, 27.32308211 58.09501189, 27.32308909 58.09492651, 27.32307676 58.09481489, 27.3230767 58.09475605, 27.32304051 58.09463699, 27.322946 58.09449734, 27.32286846 58.0943686, 27.32279943 58.09423073, 27.32272064 58.09414859, 27.32267601 58.0940715, 27.32266631 58.09401896, 27.32263057 58.09394588, 27.32254312 58.09385109, 27.32248474 58.09380705, 27.32241367 58.09376731, 27.32230357 58.09375038, 27.32222659 58.09374745, 27.32163302 58.09383392, 27.32148957 58.09385818, 27.32127707 58.09389872, 27.32108014 58.09393525, 27.32094233 58.09395849, 27.3206112 58.09401869, 27.32030747 58.09407247, 27.32002659 58.09412913, 27.3198469 58.0941629, 27.31962779 58.09420597, 27.31937571 58.09425121, 27.31929115 58.0942673, 27.31901395 58.0943241, 27.3186678 58.09438371, 27.31830717 58.09444864, 27.31802773 58.09450154, 27.31747354 58.0945973, 27.31715733 58.0946571, 27.31688162 58.0947099, 27.31671755 58.09473599, 27.31660799 58.09475803, 27.31651227 58.0947838, 27.31641134 58.09480829, 27.31634508 58.09481685, 27.31627806 58.09481726, 27.31609035 58.0948473, 27.31580834 58.09489933, 27.31571223 58.0949187, 27.31558725 58.0949496, 27.31557366 58.0949587, 27.31553901 58.09497464, 27.31550842 58.0949782, 27.31547553 58.09498587, 27.31543666 58.09498415, 27.31539727 58.09497698, 27.31522189 58.09500749, 27.31517772 58.09502192, 27.31514181 58.09502768, 27.31509334 58.09503145, 27.31507319 58.09504425, 27.31502257 58.09505513, 27.31500041 58.09506666, 27.31495926 58.09506773, 27.31491042 58.09507037, 27.31475617 58.09509085, 27.31462302 58.09511746, 27.31458258 58.09513124, 27.31449479 58.09515163, 27.31442956 58.09515801, 27.314271 58.09518825, 27.31420268 58.09519318, 27.31391017 58.09524641, 27.31371259 58.09527849, 27.31352386 58.09531696, 27.31341344 58.09533669, 27.31232086 58.09552824, 27.31226565 58.09553846, 27.31217765 58.09556701, 27.31208588 58.09560921, 27.3120053 58.09566245, 27.31190766 58.09569921, 27.31186356 58.0957093, 27.31143901 58.0957649, 27.31126275 58.09579267, 27.31115839 58.09580668, 27.31107581 58.09582959, 27.31101765 58.09584316, 27.31093608 58.09585066, 27.31088269 58.0958467, 27.31081074 58.09583452, 27.3107576 58.09582051, 27.31074765 58.0958181, 27.31062376 58.09583794, 27.31058359 58.09585829, 27.31053691 58.09587036, 27.31048007 58.09587068, 27.31043565 58.0958681, 27.31035948 58.09588102, 27.31029377 58.09589914, 27.31031225 58.09598771, 27.31035668 58.09610223, 27.31036429 58.0961667, 27.31040068 58.09629846, 27.31043089 58.09636402, 27.31043533 58.09641155, 27.31041621 58.09644778, 27.31038703 58.09646219, 27.31033772 58.0964702), (27.31672387 58.09528769, 27.31674443 58.09525155, 27.31678179 58.09520805, 27.3168249 58.09517339, 27.3168769 58.09514847, 27.31693297 58.0951381, 27.31698138 58.09513468, 27.31703348 58.09513997, 27.31708447 58.09514969, 27.3171291 58.09516398, 27.31716004 58.09518438, 27.317174 58.0951975, 27.31718005 58.09521685, 27.3171807 58.09524012, 27.31716943 58.09528311, 27.31713387 58.09533672, 27.31708974 58.09538408, 27.31705109 58.09540281, 27.31700347 58.09541286, 27.31694706 58.09542324, 27.31690626 58.0954191, 27.31684835 58.09539347, 27.31680951 58.09538109, 27.31676446 58.09536231, 27.31673348 58.09534326, 27.31672086 58.09532813, 27.31671636 58.09530901, 27.31672387 58.09528769))",EPSG:4326,"['2024-01-01', '2024-03-01']",flax_linseed_oil,,,not_started,,,,,
"POLYGON ((27.06230859 58.22947976, 27.06287928 58.22905175, 27.06345406 58.22863182, 27.06346627 58.22862128, 27.0634799 58.22861091, 27.06349269 58.22859997, 27.06351993 58.22857853, 27.06353459 58.22856803, 27.06354818 58.22855764, 27.06359181 58.22852501, 27.06360501 58.22851372, 27.06361999 58.22850276, 27.06364866 58.22848107, 27.06366392 58.228472, 27.06367724 58.22846214, 27.06369052 58.2284515, 27.06370473 58.2284406, 27.06371947 58.22843013, 27.0637336 58.22841926, 27.06374909 58.22841013, 27.06377836 58.22838914, 27.063792 58.22837879, 27.06383766 58.22834641, 27.06385515 58.22833503, 27.06387112 58.22832372, 27.06388675 58.22831178, 27.06390338 58.22830016, 27.06392072 58.22828857, 27.06393672 58.22827695, 27.06395123 58.22826683, 27.06396613 58.22825574, 27.0639827 58.22824505, 27.06399968 58.22823554, 27.06401632 58.22822585, 27.06403003 58.22821655, 27.06404493 58.22820716, 27.06406034 58.22819787, 27.06407608 58.22818954, 27.06409055 58.2281802, 27.0641061 58.2281713, 27.06412071 58.22816131, 27.06413578 58.22815193, 27.06415144 58.22814275, 27.0641645 58.22813343, 27.0641739 58.22812195, 27.0641829 58.22811001, 27.06418825 58.22809705, 27.06418709 58.22808387, 27.06417986 58.22807143, 27.06417329 58.22806495, 27.0638066 58.22789168, 27.06380527 58.2278912, 27.06378727 58.22789412, 27.06377492 58.22789694, 27.06376957 58.22790245, 27.06376239 58.2279071, 27.06375559 58.22791316, 27.06374244 58.22791814, 27.0637307 58.22792406, 27.06371694 58.22792941, 27.063705 58.22793355, 27.06369291 58.22793603, 27.06367493 58.22793673, 27.06365772 58.22794183, 27.06363111 58.22795331, 27.0633885 58.22810841, 27.06324567 58.22818778, 27.0631232 58.22825511, 27.06310825 58.22826413, 27.06307086 58.22828614, 27.06300367 58.22832393, 27.06291597 58.2283807, 27.06290892 58.22837747, 27.06285703 58.22840598, 27.06283638 58.22841687, 27.06281565 58.22842673, 27.06277643 58.22844722, 27.06275658 58.22845702, 27.062737 58.22846641, 27.06271711 58.22847567, 27.0627038 58.22848291, 27.06269068 58.2284887, 27.06266681 58.22850071, 27.06265392 58.22850659, 27.06264105 58.22851316, 27.06262951 58.22851867, 27.06261166 58.22852482, 27.06259583 58.22853142, 27.06258033 58.22853839, 27.06256268 58.22854593, 27.06254516 58.22855305, 27.06252725 58.22855997, 27.06251317 58.22856519, 27.06250437 58.22856944, 27.06249237 58.22857334, 27.06247893 58.22857632, 27.06246442 58.2285812, 27.06246097 58.22858291, 27.06242481 58.22859249, 27.06238844 58.22860291, 27.0623789 58.22861283, 27.0623571 58.2286143, 27.06233165 58.2286219, 27.06230105 58.2286314, 27.06228119 58.22862563, 27.06226744 58.22863044, 27.06224739 58.22863812, 27.06220641 58.22865207, 27.06218569 58.22865859, 27.06215169 58.22867178, 27.06213748 58.22867655, 27.06212279 58.22868241, 27.06210643 58.22868982, 27.06209176 58.22869904, 27.0620798 58.2287087, 27.06206807 58.22871902, 27.06205067 58.22874104, 27.06204219 58.22875138, 27.06203223 58.22876129, 27.0620211 58.22877143, 27.06200198 58.22879151, 27.06199209 58.22880041, 27.06198309 58.2288081, 27.06197458 58.2288159, 27.06196724 58.22882568, 27.06196144 58.22883608, 27.06195526 58.22884617, 27.0619502 58.2288572, 27.06194531 58.2288786, 27.06194607 58.22890029, 27.06194571 58.22890111, 27.0619466 58.22890813, 27.06194096 58.22891866, 27.06193335 58.22892945, 27.06192405 58.22893913, 27.06191012 58.22894728, 27.06189105 58.22895347, 27.06187115 58.2289566, 27.06186689 58.22895695, 27.0618583 58.22895818, 27.06185454 58.22895795, 27.06185204 58.22895816, 27.06183171 58.22895704, 27.06181078 58.22895527, 27.06180018 58.22895466, 27.06178968 58.22895661, 27.06177795 58.22895312, 27.0617705 58.22895251, 27.061757 58.22895586, 27.06173692 58.22895195, 27.06172575 58.22895115, 27.06172272 58.22895105, 27.06172137 58.22895083, 27.06171108 58.2289501, 27.06168917 58.22894768, 27.06166893 58.2289438, 27.06165876 58.22894059, 27.0616364 58.22894135, 27.06162987 58.22894288, 27.06160768 58.22894208, 27.06159299 58.22894034, 27.0615591 58.22894098, 27.06151328 58.22895063, 27.06149924 58.22895602, 27.06149194 58.22896185, 27.06145762 58.22897541, 27.06138855 58.22903601, 27.06138408 58.2290405, 27.06136865 58.22904608, 27.06135285 58.2290591, 27.0613448 58.22906656, 27.06133963 58.22907631, 27.06132532 58.2290923, 27.0613202 58.22909726, 27.06132415 58.22910006, 27.06132549 58.22910669, 27.06132648 58.22911474, 27.06132899 58.22912313, 27.06134079 58.22913955, 27.06134177 58.22914968, 27.06134434 58.22916025, 27.06135017 58.2291703, 27.06135855 58.22918098, 27.06136748 58.22919176, 27.06137516 58.22920337, 27.06138314 58.22921464, 27.06139217 58.22922502, 27.06140287 58.22923485, 27.0614138 58.229246, 27.06143411 58.22926769, 27.06144617 58.22927825, 27.06145756 58.22928981, 27.0614705 58.22930104, 27.06148443 58.22931184, 27.06149554 58.22932085, 27.06150253 58.22932709, 27.06152326 58.22934314, 27.06152652 58.22934676, 27.06153993 58.2293557, 27.06154815 58.22936482, 27.0615578 58.22937066, 27.06156292 58.22937666, 27.06155962 58.2293828, 27.06156024 58.22938414, 27.06156434 58.22938778, 27.06156291 58.22938987, 27.06156513 58.22939464, 27.06157423 58.22940632, 27.06158152 58.22941635, 27.06158563 58.22942588, 27.06159243 58.2294355, 27.06159697 58.2294453, 27.06160343 58.22945506, 27.06160889 58.22946408, 27.06161647 58.22947286, 27.06162214 58.22948231, 27.06162721 58.22949181, 27.06163435 58.22950165, 27.06164158 58.22951218, 27.06164697 58.22952234, 27.06165139 58.2295332, 27.06165794 58.22954234, 27.06166168 58.22955165, 27.06166447 58.22955949, 27.0616788 58.22957173, 27.06168482 58.22957782, 27.06168933 58.22958507, 27.06169551 58.22959367, 27.06169815 58.22960172, 27.06168779 58.22961232, 27.0616881 58.22961588, 27.06169168 58.22962258, 27.0617087 58.22964558, 27.06171405 58.22965133, 27.06172008 58.2296635, 27.06171815 58.22967663, 27.0617247 58.22970245, 27.06172615 58.22971591, 27.06172786 58.22972471, 27.06173637 58.22975242, 27.06173798 58.22975536, 27.06174083 58.22976698, 27.06175143 58.22978186, 27.06175665 58.2297878, 27.06175638 58.22978882, 27.06175788 58.22979092, 27.061768 58.22979962, 27.06178193 58.22980697, 27.06179818 58.22981343, 27.06181426 58.22982177, 27.06182903 58.22983043, 27.06184407 58.22983872, 27.06186118 58.22984442, 27.06188087 58.22984744, 27.06190159 58.22984784, 27.06193219 58.22984369, 27.06194911 58.22984093, 27.06196571 58.22983686, 27.06198162 58.22983214, 27.06230859 58.22947976))",EPSG:4326,"['2024-01-01', '2024-03-01']",flax_linseed_oil,,,not_started,,,,,
"POLYGON ((24.22284648 58.46101143, 24.22271439 58.46098061, 24.22280398 58.4608764, 24.22295848 58.46090836, 24.22307465 58.46073824, 24.22328029 58.46052958, 24.22342669 58.46038226, 24.22344911 58.46035439, 24.22348363 58.46028322, 24.22351874 58.46020038, 24.22351416 58.46007325, 24.22348362 58.46003963, 24.22335606 58.45994316, 24.22334794 58.45993339, 24.22331455 58.45990974, 24.22327111 58.45988035, 24.22325364 58.45984981, 24.22322713 58.45975815, 24.22322352 58.45973769, 24.22319953 58.45965621, 24.22323248 58.45958496, 24.22339106 58.45946715, 24.22339378 58.45946347, 24.22340096 58.45945995, 24.2234782 58.45940253, 24.22378015 58.45920035, 24.22387172 58.45913339, 24.22390067 58.45907848, 24.22390043 58.45904015, 24.22368013 58.45893638, 24.22355197 58.4588523, 24.22347663 58.4588316, 24.2234316 58.45883653, 24.22263771 58.45929725, 24.22176104 58.45978306, 24.2214605 58.45994017, 24.22107042 58.46013397, 24.22076373 58.46028211, 24.22053114 58.46039054, 24.22039877 58.46045269, 24.22026705 58.46051289, 24.22011062 58.46058489, 24.2201192 58.4605953, 24.2202159 58.46063374, 24.22109707 58.46099333, 24.2220522 58.46136913, 24.2222944 58.46146098, 24.22269247 58.46115317, 24.22284648 58.46101143))",EPSG:4326,"['2024-01-01', '2024-03-01']",flax_linseed_oil,,,not_started,,,,,
"POLYGON ((27.08228209 58.19535844, 27.08231777 58.19539336, 27.08232229 58.1954741, 27.08233156 58.19552291, 27.08237578 58.19556955, 27.08243732 58.19562632, 27.08250546 58.19566242, 27.082606 58.19571211, 27.0826557 58.195745, 27.08268725 58.19577297, 27.08272974 58.19582474, 27.08274535 58.19587316, 27.08274878 58.19591251, 27.08275048 58.19594656, 27.08273947 58.19596554, 27.0827082 58.19598435, 27.082666 58.19599406, 27.08262701 58.19599701, 27.08257637 58.19599691, 27.0825264 58.1959901, 27.08247879 58.19598123, 27.08202122 58.1958874, 27.08122304 58.19569088, 27.0802716 58.19547869, 27.08013653 58.19545389, 27.08004332 58.19544479, 27.07998671 58.19544884, 27.07995221 58.1954597, 27.0799311 58.19547893, 27.07948837 58.19634905, 27.08444281 58.19699176, 27.0884083 58.19750816, 27.0882623 58.19660949, 27.08664748 58.19655268, 27.08596011 58.19591057, 27.0832814 58.1949664, 27.08152259 58.19461667, 27.08050567 58.1944129, 27.08049423 58.1944244, 27.08038209 58.19457009, 27.08015847 58.19501296, 27.0799957 58.19534032, 27.07999597 58.19534058, 27.08005374 58.19535703, 27.08065101 58.19548902, 27.08081883 58.19552532, 27.0808733 58.1955299, 27.08090844 58.19552339, 27.0809388 58.19551023, 27.08095678 58.19549093, 27.08104376 58.19536032, 27.08113956 58.1952087, 27.08116227 58.1951964, 27.08119178 58.19518632, 27.08122289 58.19518022, 27.08125935 58.19517733, 27.08132269 58.1951778, 27.0814148 58.19518893, 27.08179414 58.19525231, 27.08189141 58.19526929, 27.08198686 58.19528934, 27.08210282 58.19531259, 27.08219058 58.19533185, 27.08221153 58.19533873, 27.08221513 58.19533886, 27.08228209 58.19535844))",EPSG:4326,"['2024-01-01', '2024-03-01']",flax_linseed_oil,,,not_started,,,,,
"POLYGON ((27.29075272 58.14715141, 27.29082674 58.1471275, 27.29092433 58.14710372, 27.2910457 58.14708224, 27.29119126 58.14706747, 27.29129007 58.14705684, 27.29144136 58.14704412, 27.2916571 58.14702386, 27.29195567 58.14699998, 27.29218668 58.14698607, 27.29269421 58.14693397, 27.29296076 58.14690356, 27.29312603 58.14688898, 27.29322654 58.14687977, 27.29349397 58.14685887, 27.29387623 58.14683352, 27.29410766 58.1468282, 27.29536205 58.14673165, 27.29540986 58.14672834, 27.29560887 58.14671265, 27.29572572 58.14669882, 27.29586474 58.14668566, 27.29596913 58.1466734, 27.29610106 58.14667364, 27.29616235 58.14667572, 27.29618721 58.14667434, 27.29618816 58.14667417, 27.29622802 58.14666302, 27.29625489 58.14665036, 27.29626993 58.1466292, 27.29630383 58.14657183, 27.29630384 58.14653989, 27.29632332 58.14616716, 27.2963396 58.14602871, 27.29634203 58.1459802, 27.29635711 58.14594823, 27.2963901 58.14592976, 27.29641013 58.14592116, 27.2964429 58.14591517, 27.29648002 58.14591127, 27.29669065 58.14589184, 27.29695435 58.14586075, 27.29721778 58.14582674, 27.29738624 58.1458018, 27.29755194 58.14577693, 27.29767371 58.14575761, 27.29791089 58.14572501, 27.29803281 58.14570607, 27.29804462 58.14570379, 27.29807316 58.14569981, 27.29852564 58.14562952, 27.29853244 58.14562773, 27.29853307 58.14562348, 27.29851637 58.14552998, 27.29851515 58.14552762, 27.29851156 58.14552718, 27.29849241 58.14552207, 27.29847565 58.14551557, 27.29845257 58.14550069, 27.29841004 58.14545589, 27.29837885 58.14541908, 27.29836234 58.1454043, 27.29834566 58.14539859, 27.29832824 58.14539584, 27.29830246 58.14539545, 27.2982406 58.14540368, 27.2980941 58.14542585, 27.29799012 58.1454425, 27.29786192 58.14545244, 27.29770719 58.14546087, 27.29754811 58.14546721, 27.2974927 58.14546866, 27.29742561 58.14546379, 27.29735317 58.14546127, 27.29718434 58.14545245, 27.29689469 58.14542841, 27.29661288 58.14539904, 27.2963384 58.14537387, 27.29603669 58.14535455, 27.29573269 58.14534043, 27.29568801 58.14533743, 27.2956655 58.14534012, 27.29554846 58.1453357, 27.29485741 58.1452831, 27.29416254 58.14523809, 27.2939478 58.14522825, 27.29334357 58.14518081, 27.29307886 58.14515612, 27.29279678 58.1451238, 27.29218039 58.14503156, 27.29213968 58.14502886, 27.29213394 58.14502859, 27.29209873 58.14506246, 27.29168845 58.14547145, 27.291041 58.14614227, 27.29075864 58.14643161, 27.29054461 58.14665224, 27.29036137 58.14684684, 27.29024648 58.14696564, 27.29024581 58.14696733, 27.29003397 58.14723399, 27.29000483 58.14732253, 27.29000053 58.14738612, 27.29009176 58.14735762, 27.29033858 58.14728607, 27.29064929 58.14719189, 27.29075272 58.14715141))",EPSG:4326,"['2024-01-01', '2024-03-01']",flax_linseed_oil,,,not_started,,,,,
"POLYGON ((25.27379007 58.73194571, 25.27396779 58.7318954, 25.27399654 58.7318863, 25.27411731 58.7318383, 25.27417065 58.73181274, 25.2741916 58.73180042, 25.27432493 58.7317061, 25.27457718 58.73154832, 25.27464395 58.73150268, 25.27471195 58.73146039, 25.27473939 58.73144686, 25.27477008 58.73142766, 25.26947204 58.72528412, 25.26899969 58.72537933, 25.26897089 58.72538619, 25.26895576 58.72538856, 25.26893843 58.7253929, 25.26890857 58.72539964, 25.26883783 58.72541349, 25.26878589 58.72542431, 25.26868954 58.7254425, 25.26830189 58.72551835, 25.26796492 58.72558696, 25.26790996 58.72559685, 25.26736512 58.72570613, 25.26739391 58.72574367, 25.2674018 58.72575306, 25.26744064 58.7257938, 25.26745102 58.72580352, 25.267473 58.72582246, 25.26751505 58.72585937, 25.26753745 58.72587834, 25.26755057 58.72588861, 25.26758663 58.72592552, 25.26759299 58.72593487, 25.26806525 58.72654065, 25.27281378 58.73186305, 25.27305118 58.73214081, 25.27305483 58.73213962, 25.27306973 58.73213651, 25.27379007 58.73194571))",EPSG:4326,"['2024-01-01', '2024-03-01']",flax_linseed_oil,,,not_started,,,,,
"POLYGON ((27.18281829 58.15091042, 27.18284203 58.150907, 27.18479058 58.15006703, 27.18479148 58.1500579, 27.1847502 58.15000279, 27.18471921 58.14996885, 27.18468231 58.14991585, 27.18466611 58.14989114, 27.18464414 58.14986436, 27.1846178 58.14983548, 27.18459901 58.14981305, 27.18457273 58.1497849, 27.18454924 58.14975668, 27.18452322 58.14973148, 27.18450121 58.14969885, 27.18447367 58.14967426, 27.18445107 58.14965942, 27.18441312 58.14962668, 27.18438879 58.14960647, 27.18435604 58.14958646, 27.18433185 58.14956773, 27.18430806 58.14955348, 27.18428731 58.14954204, 27.18427532 58.14953345, 27.18425213 58.14952513, 27.18423724 58.14951651, 27.18419642 58.14950118, 27.18415835 58.14948434, 27.18410908 58.14946769, 27.18405978 58.14945257, 27.18401625 58.1494373, 27.18392656 58.1494098, 27.18388915 58.14940032, 27.18385162 58.14938939, 27.18381706 58.14938127, 27.18378797 58.14937167, 27.18374824 58.14936664, 27.18370796 58.14935732, 27.18366482 58.14934644, 27.18362729 58.14933552, 27.18359534 58.14932437, 27.18356079 58.14931634, 27.18353613 58.14931001, 27.18346483 58.14929664, 27.18342944 58.14929438, 27.18339554 58.14928495, 27.18339053 58.14928568, 27.18327747 58.14931806, 27.1830475 58.14938663, 27.1826645 58.14949375, 27.18251479 58.14953814, 27.18232472 58.14959979, 27.18208146 58.14967607, 27.18196488 58.14971594, 27.18190751 58.1497617, 27.18188525 58.14982081, 27.18188711 58.14984568, 27.1819025 58.14987706, 27.18193011 58.14990444, 27.18196117 58.14993912, 27.18196899 58.14996404, 27.18195365 58.14999545, 27.18193392 58.15004027, 27.18193869 58.15009333, 27.18199649 58.15014581, 27.18211039 58.15021608, 27.18216176 58.15027463, 27.18217184 58.15032461, 27.18217613 58.15040354, 27.18217326 58.15048044, 27.18219779 58.15052691, 27.18229292 58.15059932, 27.18248607 58.15072744, 27.18256473 58.15077865, 27.1826765 58.15085636, 27.1827519 58.15090249, 27.182775 58.15091099, 27.18281829 58.15091042))",EPSG:4326,"['2024-01-01', '2024-03-01']",flax_linseed_oil,,,not_started,,,,,
"POLYGON ((27.29754948 58.1453482, 27.2977719 58.14533704, 27.29784312 58.14533385, 27.29797877 58.14530683, 27.29818076 58.1452631, 27.29834933 58.14523309, 27.29843786 58.14521708, 27.29852366 58.14517182, 27.29860183 58.14515606, 27.29870363 58.14512571, 27.29926426 58.14487062, 27.29958272 58.14473967, 27.29994774 58.14458828, 27.30005762 58.14455877, 27.30013126 58.14454969, 27.30019535 58.14454712, 27.30025119 58.14452866, 27.30028797 58.1445095, 27.30099876 58.14283258, 27.3007268 58.14274661, 27.30052424 58.14269818, 27.29948148 58.14244337, 27.29920284 58.14239602, 27.29901986 58.14235781, 27.29887214 58.1423348, 27.29876847 58.14233034, 27.29869001 58.14234223, 27.29862759 58.14236265, 27.29856415 58.14249947, 27.29852263 58.14259901, 27.29847502 58.14270587, 27.29840909 58.1427613, 27.29827421 58.1427854, 27.29810861 58.14280671, 27.29794166 58.14283164, 27.29789954 58.14284185, 27.29778212 58.14291815, 27.29766428 58.1430161, 27.2975517 58.1431524, 27.29723516 58.14388031, 27.29716554 58.14407816, 27.29702759 58.14445143, 27.29698734 58.14460107, 27.29698222 58.14463701, 27.29697079 58.14465968, 27.29696063 58.14467785, 27.296925 58.14473159, 27.2968127 58.14490555, 27.2967399 58.14507082, 27.29673505 58.14507355, 27.29663854 58.14528807, 27.29687321 58.14530313, 27.29706081 58.14531794, 27.29736247 58.14533963, 27.29754948 58.1453482))",EPSG:4326,"['2024-01-01', '2024-03-01']",flax_linseed_oil,,,not_started,,,,,
"POLYGON ((26.95389172 58.15758533, 26.95391124 58.15756645, 26.95462948 58.15702254, 26.95536715 58.15649818, 26.95567005 58.15628637, 26.95600441 58.15605146, 26.95624651 58.15588003, 26.9564349 58.15574136, 26.95676442 58.15550186, 26.95693497 58.15538491, 26.95701969 58.15531963, 26.95720276 58.15515274, 26.95727089 58.15509578, 26.95380963 58.15459243, 26.95358906 58.15561674, 26.95352712 58.15589619, 26.95347662 58.15609153, 26.95346312 58.15613134, 26.95342854 58.15622288, 26.95337661 58.15633391, 26.95330408 58.15641766, 26.95313045 58.15658558, 26.95303803 58.15666928, 26.95281965 58.156865, 26.95264378 58.15702763, 26.95254763 58.15712813, 26.95244844 58.15721732, 26.95240081 58.15728535, 26.95239691 58.1573097, 26.95241854 58.15734716, 26.95250769 58.15739518, 26.95262805 58.15743582, 26.95273394 58.1574537, 26.95354179 58.15756163, 26.95377753 58.15759156, 26.95384048 58.15759128, 26.95389172 58.15758533))",EPSG:4326,"['2024-01-01', '2024-03-01']",flax_linseed_oil,,,not_started,,,,,
"POLYGON ((25.82087565 58.30502901, 25.82057795 58.30499357, 25.82026369 58.3050541, 25.8201156 58.30510741, 25.82007443 58.30519731, 25.82001436 58.30524422, 25.81943414 58.3052218, 25.81941774 58.30526707, 25.8200715 58.30534215, 25.82052323 58.30537736, 25.82060891 58.30538272, 25.82078842 58.30539002, 25.8209031 58.30535212, 25.8210629 58.30505819, 25.82087565 58.30502901))",EPSG:4326,"['2024-01-01', '2024-03-01']",marian_thistles,,,not_started,,,,,
"POLYGON ((26.59991451 58.63034717, 26.59985318 58.63032759, 26.59971362 58.63025083, 26.5995298 58.63014722, 26.59935783 58.63006994, 26.59914174 58.63000144, 26.59893377 58.62996549, 26.59880237 58.62996085, 26.59871579 58.6299691, 26.59860928 58.62998858, 26.59847423 58.63001512, 26.59835249 58.63005957, 26.59818855 58.63013783, 26.59806145 58.63021892, 26.59787243 58.63034102, 26.59775147 58.63043255, 26.59768634 58.63048327, 26.59746893 58.63062915, 26.59731017 58.63075288, 26.59719753 58.63082104, 26.59697151 58.63097011, 26.59688525 58.63102403, 26.59753395 58.63125521, 26.59770989 58.6313051, 26.59777754 58.6313164, 26.59779098 58.63131697, 26.5978295 58.63130791, 26.59786129 58.63129401, 26.59791944 58.63126412, 26.59801922 58.63121018, 26.59818605 58.63111789, 26.5982886 58.63107274, 26.59838206 58.63104765, 26.59847596 58.63102864, 26.59860085 58.63099905, 26.59869867 58.63096863, 26.59876251 58.63094414, 26.59896276 58.63083129, 26.59901553 58.6308004, 26.59905852 58.63075893, 26.59908189 58.6307314, 26.59912942 58.63070117, 26.59916557 58.63068884, 26.59918859 58.63068506, 26.59923731 58.63068518, 26.59928482 58.63069747, 26.59933303 58.63071914, 26.59941189 58.63078272, 26.59952042 58.63088143, 26.59957823 58.63092499, 26.59965975 58.6309858, 26.59976229 58.63108169, 26.59994049 58.63124977, 26.60011085 58.63134183, 26.60023404 58.63138461, 26.60030444 58.63141017, 26.60037475 58.63142423, 26.60048958 58.631425, 26.60056709 58.6314028, 26.60067884 58.63134587, 26.60103422 58.6310964, 26.60123218 58.63097965, 26.6014605 58.63085685, 26.60170072 58.63074673, 26.60179756 58.63070608, 26.60194267 58.63063504, 26.60210798 58.63054294, 26.60225452 58.63046464, 26.60229174 58.63043293, 26.60229676 58.63040306, 26.60221351 58.63035716, 26.6020601 58.63032513, 26.60196921 58.63032697, 26.60189248 58.63035948, 26.60175802 58.63044063, 26.601643 58.63049043, 26.60156998 58.63051977, 26.60150237 58.63053364, 26.60144878 58.63053977, 26.60140842 58.63053554, 26.60137604 58.63051957, 26.60135886 58.63050134, 26.60135329 58.63047978, 26.60050231 58.63012263, 26.60044734 58.63011185, 26.60036762 58.63011346, 26.6003225 58.63012032, 26.60025583 58.63014397, 26.60006887 58.63027564, 26.60001414 58.63030649, 26.60000922 58.630317, 26.59997944 58.63033842, 26.59994014 58.63034665, 26.59991451 58.63034717))",EPSG:4326,"['2024-01-01', '2024-03-01']",marian_thistles,,,not_started,,,,,
"POLYGON ((23.70165901 58.88146052, 23.7017101 58.88147636, 23.70174974 58.88150002, 23.70175145 58.88152262, 23.70173413 58.88155107, 23.70165572 58.8816226, 23.70160047 58.88164826, 23.70157371 58.88167178, 23.70156972 58.88169436, 23.70156937 58.88173562, 23.70158045 58.88177101, 23.70159124 58.88178861, 23.70160848 58.88180083, 23.70162551 58.88182316, 23.70162792 58.88187666, 23.70161674 58.88192724, 23.70163767 58.88195681, 23.70162181 58.88203536, 23.70159204 58.88213388, 23.70158961 58.88218528, 23.70155313 58.8822558, 23.7015329 58.88231241, 23.70151967 58.88239041, 23.70152108 58.88243593, 23.70154395 58.88248893, 23.7015434 58.88255209, 23.70154843 58.8825939, 23.70156591 58.88264689, 23.70160828 58.8827278, 23.70169635 58.88291796, 23.70173869 58.88300166, 23.70174965 58.8830309, 23.70179858 58.88310457, 23.70186234 58.88319313, 23.70188075 58.8832382, 23.7019452 58.88326602, 23.70200531 58.88333688, 23.7021047 58.88340933, 23.70461695 58.88378228, 23.70478769 58.88376847, 23.70497166 58.88373946, 23.70500387 58.88372294, 23.70504946 58.88371715, 23.7051216 58.88371338, 23.70517486 58.88369778, 23.70520154 58.88368409, 23.70528891 58.88367447, 23.70534202 58.88367655, 23.70537614 58.88368056, 23.70540606 58.88369358, 23.70549701 58.88369856, 23.7055724 58.88369501, 23.70566402 58.88368286, 23.70567976 58.88367928, 23.70574452 58.88364996, 23.705769 58.88364507, 23.70644175 58.88306926, 23.70647996 58.88301849, 23.7065061 58.8829814, 23.70653241 58.882925, 23.70654704 58.88289234, 23.70656744 58.88285524, 23.70658487 58.88283002, 23.70661085 58.88281225, 23.70661596 58.88281015, 23.70166976 58.88098689, 23.70164194 58.88101842, 23.70162454 58.88105571, 23.70161831 58.88111857, 23.70163872 58.88117166, 23.70166134 58.8811894, 23.70165926 58.881211, 23.70164961 58.88122965, 23.70162668 58.88124826, 23.7016018 58.88127276, 23.70157838 58.88134933, 23.70154562 58.88140721, 23.7015442 58.88144519, 23.70160957 58.88145739, 23.70165901 58.88146052), (23.70438723 58.88341046, 23.70444528 58.88333481, 23.70453779 58.88325627, 23.70462165 58.88318217, 23.70476894 58.88307404, 23.70481506 58.88305037, 23.7048582 58.88304006, 23.7049099 58.88303572, 23.7049816 58.88304183, 23.70507905 58.88305691, 23.70516786 58.88307643, 23.70523645 58.88311076, 23.705265 58.88312866, 23.70526735 58.88318958, 23.70512702 58.88324494, 23.70499714 58.88331159, 23.70489846 58.88336853, 23.70473152 58.88342462, 23.70465088 58.88345712, 23.70461916 58.88347488, 23.70458172 58.88348965, 23.70453282 58.88350291, 23.7044926 58.88350728, 23.70446676 58.88350871, 23.70444668 58.88350718, 23.7044209 58.88350117, 23.70440091 58.88348924, 23.7043896 58.8834699, 23.70438121 58.88344313, 23.70438723 58.88341046))",EPSG:4326,"['2024-01-01', '2024-03-01']",marian_thistles,,,not_started,,,,,
"POLYGON ((26.80822932 58.70090268, 26.80853565 58.70084456, 26.80892694 58.70075872, 26.80945743 58.70063543, 26.80967446 58.70030532, 26.80967867 58.70030533, 26.81042454 58.69910977, 26.81006836 58.69916212, 26.81003742 58.69917562, 26.80996577 58.69920842, 26.80989471 58.69924863, 26.80986429 58.6992612, 26.80982721 58.699262, 26.80978917 58.69925094, 26.80973293 58.69919119, 26.80962558 58.69913553, 26.80962088 58.69913467, 26.80894638 58.69904045, 26.80889923 58.69904148, 26.80883806 58.69905203, 26.80878833 58.69909462, 26.80873706 58.69916214, 26.80867675 58.69931089, 26.80849971 58.69958932, 26.8084054 58.69970556, 26.80836807 58.69980692, 26.80822613 58.69999135, 26.80813537 58.70011875, 26.80803534 58.70026297, 26.80793132 58.7003796, 26.80781378 58.7004823, 26.80767086 58.70062372, 26.80759315 58.70068788, 26.80740016 58.70078524, 26.80730683 58.70085378, 26.80725651 58.70091762, 26.80822932 58.70090268))",EPSG:4326,"['2024-01-01', '2024-03-01']",marian_thistles,,,not_started,,,,,
"POLYGON ((25.79091674 58.19134889, 25.79096108 58.19134004, 25.79100123 58.19131099, 25.79100476 58.19126932, 25.79101346 58.19121864, 25.79105379 58.1910093, 25.79112923 58.19076482, 25.79118305 58.19056315, 25.79120759 58.19038197, 25.791229 58.19030437, 25.79126507 58.19019591, 25.79127891 58.19012231, 25.79130647 58.19005503, 25.79132581 58.18999232, 25.79134072 58.18991955, 25.7913451 58.18986153, 25.79135831 58.18980011, 25.7913591 58.18975995, 25.79135433 58.18972138, 25.79134638 58.18967541, 25.79133151 58.18965598, 25.79129674 58.18963764, 25.79116567 58.18961389, 25.79102652 58.18961102, 25.79089934 58.18960992, 25.79070038 58.18960886, 25.79059069 58.18960992, 25.79052038 58.18961212, 25.79045983 58.18960839, 25.79041198 58.18960254, 25.78799785 58.19122042, 25.78804039 58.19123208, 25.78807856 58.19124067, 25.78817495 58.19125418, 25.78826534 58.19126036, 25.78844051 58.19127409, 25.78862379 58.19127908, 25.78901303 58.1912944, 25.78932624 58.19130932, 25.78967664 58.19131804, 25.78980282 58.19131009, 25.79091674 58.19134889))",EPSG:4326,"['2024-01-01', '2024-03-01']",marian_thistles,,,not_started,,,,,
"POLYGON ((27.32722296 59.40938688, 27.3272086 59.40937218, 27.32719157 59.40934908, 27.32714442 59.40933897, 27.32708629 59.40934116, 27.32703071 59.40935634, 27.32683862 59.40945, 27.32674991 59.40949511, 27.32673811 59.4095093, 27.32673948 59.40952339, 27.32675273 59.40954565, 27.32698635 59.40962325, 27.32730375 59.40972333, 27.32735075 59.40975016, 27.32739288 59.40977551, 27.32793452 59.40994802, 27.32853937 59.4101449, 27.32920234 59.41037787, 27.32938671 59.410426, 27.32954261 59.41048563, 27.33057832 59.41086501, 27.33277018 59.4097773, 27.3327941 59.40974742, 27.33285423 59.40965905, 27.33291464 59.40960418, 27.33337265 59.40938153, 27.33385151 59.40918883, 27.33392471 59.40917326, 27.33401232 59.40916085, 27.33534843 59.40848283, 27.3358334 59.40823238, 27.33795727 59.4072028, 27.33482519 59.40574911, 27.33359853 59.40552677, 27.33336471 59.40551868, 27.33327506 59.40579956, 27.33324394 59.40595044, 27.33312136 59.4061198, 27.33312409 59.40613173, 27.33313801 59.40614577, 27.33318872 59.40616689, 27.33321539 59.40619901, 27.33322578 59.40622515, 27.33319987 59.40624901, 27.33315571 59.40627893, 27.33305339 59.40632393, 27.33298858 59.40635117, 27.33293739 59.40635727, 27.33284958 59.40635789, 27.33272731 59.40639139, 27.33257809 59.40647038, 27.33251633 59.40649675, 27.33220852 59.40662295, 27.33170493 59.40684623, 27.33112385 59.40706272, 27.3304688 59.40730167, 27.3300508 59.40746972, 27.3303312 59.40759581, 27.33036707 59.40758084, 27.33038101 59.40756288, 27.33036773 59.40752322, 27.33040188 59.40748715, 27.33043289 59.40745117, 27.33046522 59.40742284, 27.33054685 59.40738156, 27.33058119 59.40736261, 27.33067402 59.40734906, 27.33070126 59.40733877, 27.33073963 59.40731379, 27.33080324 59.40728594, 27.3308981 59.40727284, 27.33094021 59.40727445, 27.33097098 59.40728526, 27.33099756 59.40730686, 27.33097819 59.40734122, 27.33095925 59.40736219, 27.33090785 59.40739753, 27.3308211 59.40744133, 27.33077554 59.40745689, 27.33069273 59.40747658, 27.33062577 59.40750967, 27.33059924 59.40754242, 27.33058954 59.40758634, 27.33055168 59.40761047, 27.3304868 59.40761781, 27.33045047 59.40763153, 27.33044259 59.40764589, 27.33065682 59.40774223, 27.33055215 59.40779716, 27.33054689 59.40784494, 27.33053019 59.40787408, 27.33045636 59.40791874, 27.33032921 59.40795888, 27.33020004 59.40801374, 27.32908627 59.40855646, 27.32904768 59.40857058, 27.32901944 59.40857581, 27.32898198 59.40857732, 27.32891165 59.40856467, 27.32882989 59.40852693, 27.32878738 59.40849126, 27.32878698 59.40848885, 27.32872251 59.40847427, 27.32853376 59.40855494, 27.32852028 59.40858337, 27.32851067 59.40859828, 27.32848787 59.40862286, 27.32833609 59.40869866, 27.32825308 59.40874056, 27.32800588 59.40882337, 27.32773408 59.40896192, 27.32767744 59.40899703, 27.32765555 59.40901902, 27.32764578 59.40907285, 27.32765817 59.40913837, 27.32763807 59.40917868, 27.32756118 59.40925259, 27.32737013 59.40935694, 27.32734159 59.40939141, 27.32731653 59.40939958, 27.32727416 59.40940065, 27.32722296 59.40938688), (27.3306242 59.40765497, 27.33062238 59.4076363, 27.33064288 59.40761351, 27.33077944 59.40756192, 27.33091255 59.40745695, 27.33099323 59.40740589, 27.33108907 59.40736693, 27.33110887 59.40735484, 27.33111437 59.40733955, 27.33107959 59.4073235, 27.3310661 59.40729265, 27.33108512 59.40727256, 27.33113456 59.40725972, 27.33118609 59.4072504, 27.33125252 59.40725049, 27.33128818 59.40725761, 27.33133202 59.407277, 27.33137614 59.40728123, 27.33144736 59.40729457, 27.33146879 59.4073172, 27.33146433 59.40734316, 27.33140807 59.4073936, 27.33134004 59.40743097, 27.33119851 59.40748535, 27.33099955 59.4076321, 27.33077735 59.40771972, 27.33075154 59.40772393, 27.33072826 59.40771829, 27.33067518 59.40769379, 27.33063688 59.4076764, 27.3306242 59.40765497), (27.32903789 59.40968806, 27.32907891 59.40967516, 27.32911064 59.40967544, 27.3291516 59.40968356, 27.32919398 59.40968464, 27.32920641 59.40969295, 27.3292179 59.40970236, 27.32920508 59.40972262, 27.32915878 59.40974642, 27.3291332 59.40976592, 27.32911996 59.40978188, 27.32910667 59.40978653, 27.32908068 59.40979096, 27.3290567 59.40978349, 27.3290362 59.40976838, 27.32903146 59.40976311, 27.32901697 59.4097554, 27.32900575 59.4097379, 27.32900023 59.40972457, 27.32900698 59.40970716, 27.32903789 59.40968806), (27.32853453 59.40874547, 27.32852106 59.40871694, 27.32852601 59.4087061, 27.3285419 59.40868426, 27.32860209 59.40865898, 27.32862252 59.40865397, 27.32864774 59.40865277, 27.32871385 59.4086758, 27.32871912 59.40868465, 27.32871565 59.40869428, 27.32869628 59.40869845, 27.3286602 59.40870274, 27.32862636 59.40871887, 27.32859549 59.40874108, 27.32857362 59.40876244, 27.32856104 59.40876894, 27.32854346 59.40876938, 27.32853391 59.40876176, 27.32853453 59.40874547))",EPSG:4326,"['2024-01-01', '2024-03-01']",marian_thistles,,,not_started,,,,,
"POLYGON ((27.83711229 59.38008771, 27.83719678 59.3801046, 27.83757325 59.38019724, 27.83778278 59.3802344, 27.83799217 59.38023056, 27.83815141 59.38023729, 27.83822382 59.38026593, 27.83827786 59.3803099, 27.83827696 59.38040515, 27.83832857 59.38046331, 27.83840632 59.38049976, 27.83846653 59.380539, 27.83853049 59.38055194, 27.83861649 59.38054259, 27.838688 59.38052342, 27.83870407 59.38048764, 27.83872873 59.3804687, 27.83880129 59.38046803, 27.8387987 59.37943796, 27.83877489 59.3793888, 27.8387434 59.37932708, 27.8386636 59.37923261, 27.83854605 59.37915974, 27.83831337 59.37907543, 27.83825406 59.37904413, 27.83819702 59.37899341, 27.83808514 59.37895112, 27.83792418 59.37890913, 27.83776805 59.37887042, 27.83756914 59.37878853, 27.83748681 59.37875108, 27.83744421 59.37868968, 27.83742042 59.37863685, 27.837456 59.37855609, 27.83751699 59.37846319, 27.83757178 59.37843426, 27.83764646 59.3784036, 27.83773551 59.37838164, 27.83783803 59.37836042, 27.83799026 59.37834458, 27.83829498 59.37831517, 27.83840075 59.37830297, 27.83879581 59.37828847, 27.83879317 59.37723946, 27.83878303 59.37723489, 27.83876771 59.37723761, 27.83875119 59.37724948, 27.83869241 59.37730245, 27.83855482 59.37736912, 27.83839529 59.37741934, 27.83825661 59.37745642, 27.83806384 59.37750875, 27.83789293 59.37755702, 27.83748877 59.37771461, 27.83727814 59.37778683, 27.83700878 59.37785278, 27.83675886 59.37789311, 27.83618414 59.37798279, 27.8354532 59.37811242, 27.83537812 59.37813959, 27.835292 59.37818766, 27.83515083 59.3782624, 27.8349027 59.37839834, 27.83482809 59.37844949, 27.83473478 59.37849322, 27.83467161 59.37852695, 27.8346331 59.37858161, 27.83459738 59.37862137, 27.8344932 59.37866769, 27.8343237 59.37880817, 27.83410113 59.37901284, 27.83395279 59.37916295, 27.83394466 59.37920988, 27.833946 59.37924173, 27.83395427 59.37927566, 27.83395313 59.37934516, 27.83393293 59.37940384, 27.8339159 59.37945103, 27.8339248 59.37949063, 27.83394235 59.3795277, 27.83397694 59.37955744, 27.8340763 59.37958757, 27.83416136 59.37962951, 27.83427554 59.37973209, 27.83433791 59.37979063, 27.83437669 59.37985783, 27.8344041 59.37992309, 27.83447856 59.38004961, 27.83453362 59.38010267, 27.83462364 59.38018888, 27.83493312 59.38036093, 27.83511329 59.38045475, 27.83532048 59.38057056, 27.83540319 59.38061142, 27.83549162 59.38062365, 27.83558506 59.38062092, 27.83566916 59.38059454, 27.83583093 59.38054426, 27.83599779 59.38049953, 27.83630079 59.38039501, 27.8366671 59.38025789, 27.83691004 59.38015512, 27.8370425 59.38010228, 27.83711229 59.38008771), (27.83845928 59.37824773, 27.83839514 59.37825302, 27.83834429 59.37823743, 27.83833423 59.37818761, 27.83833403 59.37816597, 27.83834407 59.37813607, 27.83844175 59.37807171, 27.83848865 59.37805212, 27.83853785 59.37805296, 27.83856646 59.37806921, 27.83856596 59.37810453, 27.83850635 59.37817005, 27.83847109 59.37823372, 27.83845928 59.37824773), (27.83736971 59.37844358, 27.83726775 59.37844997, 27.83719987 59.37844171, 27.83718264 59.37842741, 27.8371764 59.37841164, 27.83717214 59.37839355, 27.83718516 59.37837039, 27.83723169 59.37834739, 27.83726346 59.37831229, 27.83726746 59.37828826, 27.83727966 59.37827765, 27.837315 59.37827434, 27.83738213 59.3782758, 27.83744537 59.37826256, 27.83750524 59.37823917, 27.83756918 59.37821225, 27.83762035 59.37821075, 27.83765443 59.37823595, 27.83766124 59.37827675, 27.83764264 59.37836955, 27.83758264 59.3783918, 27.83736971 59.37844358))",EPSG:4326,"['2024-01-01', '2024-03-01']",marian_thistles,,,not_started,,,,,
"POLYGON ((27.01245851 58.53831978, 27.01208785 58.53772481, 27.01142241 58.53771836, 27.01141828 58.53774175, 27.01143164 58.53778264, 27.01164376 58.53816497, 27.01178219 58.53842336, 27.01183343 58.53847998, 27.01245851 58.53831978))",EPSG:4326,"['2024-01-01', '2024-03-01']",marian_thistles,,,not_started,,,,,
"POLYGON ((25.55515889 58.10826269, 25.55513352 58.1082648, 25.55510931 58.1082674, 25.55505692 58.10827234, 25.55503915 58.10827593, 25.55502128 58.10827665, 25.5549951 58.10827605, 25.55497086 58.10827659, 25.55494581 58.10827829, 25.55492036 58.10828124, 25.55489385 58.1082861, 25.55486748 58.10829149, 25.55484002 58.10829639, 25.55481011 58.10830073, 25.55477556 58.10830707, 25.55475054 58.10831196, 25.55472426 58.10831879, 25.55469738 58.10832541, 25.55467349 58.10833101, 25.55465077 58.1083374, 25.55462718 58.10834337, 25.55460549 58.10835092, 25.55458454 58.10835945, 25.55456776 58.10836706, 25.55454617 58.10837402, 25.5544936 58.10838262, 25.55449248 58.1083829, 25.55446931 58.10839118, 25.55444823 58.10839946, 25.55442927 58.10840842, 25.55440723 58.10841747, 25.55439086 58.10842813, 25.5543791 58.10843283, 25.55575769 58.10886284, 25.55800933 58.10955552, 25.55899202 58.10985917, 25.55903426 58.10986745, 25.559046 58.10986661, 25.55905608 58.10986526, 25.55907523 58.10986398, 25.55908341 58.10986394, 25.55911807 58.10986146, 25.55915701 58.10985838, 25.55917912 58.10985424, 25.55919722 58.10985025, 25.55922101 58.10984771, 25.55924588 58.10984395, 25.55926437 58.1098371, 25.55927361 58.10983019, 25.55928754 58.10982346, 25.55932373 58.1098147, 25.55936606 58.1097979, 25.55938252 58.10978844, 25.55939308 58.10978026, 25.55940206 58.10977209, 25.55940934 58.1097622, 25.55942017 58.10973717, 25.55942454 58.10972794, 25.55942555 58.10971664, 25.55942477 58.10970569, 25.55942878 58.10969309, 25.55943378 58.10967944, 25.55943509 58.1096643, 25.55943211 58.10965433, 25.5594233 58.10964048, 25.55942185 58.10963087, 25.55940802 58.1096066, 25.55940426 58.10959435, 25.55939997 58.10958308, 25.55939057 58.1095711, 25.55937063 58.10956507, 25.55935326 58.10956177, 25.55933276 58.1095628, 25.55931774 58.10956375, 25.55930052 58.10956273, 25.55928501 58.10956222, 25.55927259 58.10956335, 25.55925795 58.10956265, 25.55924452 58.1095608, 25.55922454 58.10956043, 25.55920402 58.10955979, 25.55916104 58.10955739, 25.55913874 58.10955472, 25.55911557 58.10955073, 25.559091 58.1095446, 25.55906748 58.10953931, 25.55904788 58.109534, 25.55903291 58.10952792, 25.55901642 58.10952093, 25.55899929 58.10951422, 25.55898515 58.1095057, 25.55897328 58.10949526, 25.55897076 58.10948342, 25.55897669 58.10947313, 25.55898675 58.10946486, 25.55900022 58.10945479, 25.55901186 58.10944642, 25.55902346 58.10943724, 25.55903706 58.10942717, 25.55905215 58.10941724, 25.55906596 58.10940762, 25.55906662 58.10940695, 25.55907323 58.10939598, 25.55907483 58.10938595, 25.55907472 58.10938537, 25.55906649 58.1093765, 25.55905172 58.10936709, 25.55903718 58.10935698, 25.55902899 58.10934511, 25.55903415 58.10933237, 25.55904837 58.10932089, 25.55906377 58.10930914, 25.55908288 58.10929727, 25.55910017 58.10928566, 25.55911298 58.1092749, 25.55912242 58.10926276, 25.55914554 58.109252, 25.55915838 58.10923674, 25.5591618 58.10922341, 25.55916177 58.10922274, 25.5591571 58.10920878, 25.55915094 58.10919589, 25.55914097 58.10918231, 25.55913161 58.1091728, 25.55910552 58.109154, 25.55905483 58.10912923, 25.55902749 58.10911617, 25.55900226 58.10910455, 25.55897093 58.10909058, 25.55895569 58.10908521, 25.55893618 58.10907883, 25.55891279 58.10907006, 25.55889271 58.10906156, 25.5588741 58.10905462, 25.55885149 58.10904785, 25.55883111 58.10903857, 25.55881162 58.10903212, 25.55879372 58.10902558, 25.55877489 58.10901921, 25.55871617 58.10899689, 25.55869651 58.10898919, 25.55867716 58.10898098, 25.55863643 58.10896423, 25.55861651 58.10895674, 25.55859596 58.10894841, 25.55857419 58.10894046, 25.55855097 58.10893254, 25.55853152 58.10892517, 25.55851299 58.10891634, 25.55850605 58.10891368, 25.55850388 58.10891246, 25.5585027 58.10891091, 25.55850268 58.10890924, 25.55850311 58.10890843, 25.55850448 58.10890702, 25.55850679 58.10890173, 25.5585194 58.10889211, 25.55853047 58.1088827, 25.5585447 58.10887185, 25.55855986 58.10886066, 25.55857375 58.10884947, 25.55860516 58.10882655, 25.55862015 58.10881529, 25.55863557 58.10880439, 25.55864909 58.10879275, 25.55866461 58.10878281, 25.55867957 58.10877154, 25.55869613 58.10876049, 25.55872891 58.10873591, 25.55877515 58.10870052, 25.55879267 58.10868951, 25.55880805 58.10867872, 25.55882349 58.10866597, 25.55884069 58.10865314, 25.55887364 58.10862998, 25.55889009 58.1086213, 25.55891011 58.10861512, 25.55893025 58.10861484, 25.55895299 58.10861811, 25.55897502 58.10862425, 25.55904358 58.10864415, 25.55906833 58.10865151, 25.55911555 58.10866387, 25.55913906 58.10867076, 25.55916259 58.10867692, 25.55918764 58.10868303, 25.55921494 58.1086873, 25.55924279 58.1086828, 25.55925426 58.10867795, 25.55928394 58.10865659, 25.5593835 58.1085865, 25.55939641 58.10857483, 25.55941143 58.10856225, 25.55943949 58.10853604, 25.55945183 58.10852497, 25.5594652 58.10851232, 25.55947964 58.10850138, 25.55951112 58.10848008, 25.55952742 58.10846782, 25.55954039 58.1084567, 25.55955538 58.10844463, 25.55957185 58.1084334, 25.55958866 58.10842101, 25.55960259 58.1084078, 25.55963276 58.1083843, 25.55964779 58.10837307, 25.55966323 58.10836086, 25.55968076 58.10834882, 25.5596979 58.10833802, 25.55971315 58.10832724, 25.55972839 58.10831542, 25.55975972 58.10829184, 25.55977352 58.10828112, 25.55979068 58.10826927, 25.55981731 58.10824508, 25.55984774 58.10822047, 25.55986499 58.10820859, 25.55988002 58.10819675, 25.55992241 58.10816259, 25.55993801 58.10815079, 25.55996774 58.10812737, 25.5599818 58.10811546, 25.55999472 58.10810405, 25.56001111 58.1080923, 25.56002529 58.10807945, 25.56003994 58.10806795, 25.56005665 58.10805545, 25.56007122 58.10804372, 25.56008759 58.10803187, 25.56010222 58.10802074, 25.5601187 58.10800916, 25.56013136 58.10799715, 25.56014636 58.10798699, 25.56015812 58.10797738, 25.56016976 58.10797015, 25.56017984 58.10796339, 25.56019137 58.10795421, 25.56020718 58.10794424, 25.56023631 58.10792376, 25.56025075 58.10791435, 25.56026555 58.10790406, 25.56028112 58.10789264, 25.56029419 58.10788057, 25.56031133 58.10786888, 25.56033155 58.10785942, 25.56034916 58.10784817, 25.5603657 58.10783603, 25.56038138 58.10782384, 25.56039718 58.10781378, 25.5604135 58.10780128, 25.56042868 58.10778896, 25.56044373 58.10777717, 25.56045992 58.10776503, 25.56047454 58.10775503, 25.56048833 58.10774651, 25.5605047 58.10773429, 25.56051861 58.10772297, 25.56056616 58.10769073, 25.56058273 58.10768045, 25.56061121 58.10765757, 25.56062829 58.10764633, 25.56064445 58.10763492, 25.5606598 58.10762301, 25.56067578 58.10761219, 25.56069242 58.10760147, 25.56070941 58.10759106, 25.56072261 58.10758127, 25.56073713 58.10757109, 25.56075363 58.10755981, 25.5607699 58.10754912, 25.56078757 58.10753863, 25.56080516 58.1075279, 25.56082253 58.10751604, 25.56083704 58.10750537, 25.5608529 58.10749424, 25.5608697 58.10748303, 25.56088569 58.10747202, 25.56092193 58.10744824, 25.56093966 58.10743537, 25.56095598 58.10742165, 25.56097271 58.1074098, 25.56098796 58.10739757, 25.56100067 58.10738512, 25.56101448 58.10737231, 25.56102823 58.10736033, 25.56104364 58.10734817, 25.56106981 58.10732362, 25.56108288 58.10731049, 25.56109391 58.10729779, 25.56110305 58.10728436, 25.56109936 58.10726931, 25.56108269 58.10725734, 25.56106852 58.10725042, 25.56106776 58.10725019, 25.56079938 58.10720591, 25.56077711 58.10720257, 25.56075379 58.10719975, 25.56073027 58.10719713, 25.56070677 58.10719527, 25.56067791 58.10719246, 25.56044352 58.10718774, 25.56042366 58.10718767, 25.56040045 58.10718796, 25.56035475 58.10718912, 25.5603325 58.10718938, 25.56030934 58.10719032, 25.56028593 58.10719185, 25.55997605 58.10722188, 25.55975705 58.10727192, 25.55973617 58.10727899, 25.55971835 58.10728594, 25.55969922 58.10729566, 25.55968119 58.10730534, 25.55965967 58.10731577, 25.55964392 58.10732513, 25.55962629 58.10733358, 25.55960963 58.1073426, 25.55959239 58.10735565, 25.55957826 58.10736774, 25.55956599 58.10737623, 25.55955393 58.10738779, 25.55954204 58.10739635, 25.55952712 58.10740519, 25.55951216 58.10741301, 25.55949667 58.10742301, 25.55946147 58.10744112, 25.55944168 58.10745242, 25.55940906 58.10747192, 25.55939475 58.10748127, 25.55937851 58.1074913, 25.55936122 58.10749964, 25.5593438 58.10750859, 25.55932427 58.10751933, 25.55927325 58.10754951, 25.55925429 58.10755932, 25.55923367 58.10757029, 25.55921318 58.10758066, 25.55919369 58.10759094, 25.55917211 58.10760091, 25.55915291 58.10760934, 25.55913543 58.10761783, 25.55911378 58.10762695, 25.55909243 58.10763702, 25.55907062 58.10764665, 25.559029 58.10766667, 25.55900742 58.10767498, 25.55898502 58.10768299, 25.5589629 58.10769149, 25.55892183 58.10770645, 25.55889955 58.10771684, 25.55887679 58.10772615, 25.5588531 58.10773517, 25.55883113 58.10774436, 25.55880962 58.107754, 25.55878971 58.10776196, 25.55877062 58.107771, 25.55875547 58.10778205, 25.5587286 58.10780836, 25.55871098 58.10782247, 25.5586965 58.10783362, 25.55867934 58.10784507, 25.5586613 58.10785607, 25.55862743 58.10787756, 25.55860455 58.10788627, 25.55858856 58.10789144, 25.55857264 58.10789762, 25.55856015 58.107901, 25.55854758 58.10790377, 25.55852724 58.1079095, 25.55849281 58.1079199, 25.55847539 58.10792495, 25.55845763 58.10793083, 25.55842483 58.1079435, 25.55838859 58.10795913, 25.55837128 58.10796706, 25.55835465 58.10797304, 25.5583342 58.10797924, 25.5583024 58.10799484, 25.55828736 58.10800296, 25.55825967 58.10802013, 25.55825218 58.10802639, 25.55823128 58.1080481, 25.55821825 58.10805835, 25.55820009 58.10807048, 25.55819936 58.10807122, 25.55819306 58.10808218, 25.55818522 58.10809271, 25.55817751 58.1081043, 25.55817181 58.10811815, 25.55816906 58.10813207, 25.5581662 58.10814418, 25.55815239 58.10817933, 25.55814548 58.10818998, 25.55813826 58.10820179, 25.55813234 58.10820991, 25.55812553 58.1082173, 25.55812202 58.10822369, 25.55811707 58.1082337, 25.55810811 58.10824672, 25.55810333 58.10825418, 25.55809592 58.10826013, 25.55808562 58.10826436, 25.55807288 58.10826875, 25.55806214 58.10827369, 25.55805276 58.10828007, 25.55804399 58.10828765, 25.55803095 58.10829572, 25.5580185 58.10830162, 25.55800545 58.10830656, 25.55799043 58.10831281, 25.55797325 58.10831937, 25.55795549 58.10832556, 25.55793563 58.10833106, 25.55792041 58.10833468, 25.55790391 58.10833953, 25.55788272 58.10834706, 25.55786638 58.10835142, 25.55784711 58.10835572, 25.55783068 58.10835917, 25.55781246 58.10836246, 25.55779132 58.10836721, 25.55776943 58.10837265, 25.55775157 58.10837746, 25.55773085 58.10838048, 25.5577117 58.10838535, 25.55769736 58.10838939, 25.55768069 58.10839682, 25.55767085 58.10839926, 25.55765291 58.10840163, 25.55763038 58.10840352, 25.5576073 58.10840453, 25.55758671 58.108404, 25.55756871 58.1084032, 25.55755459 58.10840196, 25.55754069 58.10839751, 25.55752602 58.10839391, 25.55751006 58.10839033, 25.55749498 58.1083859, 25.55747628 58.10837907, 25.55745796 58.10837371, 25.55744362 58.10836807, 25.55742908 58.10836202, 25.55741319 58.10835691, 25.55739745 58.1083515, 25.55737234 58.10833841, 25.55735936 58.10833349, 25.55734677 58.10832768, 25.55733326 58.1083224, 25.55732111 58.10831553, 25.55730785 58.10831187, 25.55729439 58.10830727, 25.55727883 58.10830224, 25.55726366 58.10829761, 25.55724871 58.10829175, 25.55723383 58.10828783, 25.55721868 58.10828337, 25.55720254 58.10827799, 25.55718825 58.10827069, 25.55717518 58.10826581, 25.55716109 58.10826025, 25.55714603 58.10825533, 25.55712914 58.10825061, 25.55711231 58.10824499, 25.55709964 58.10824174, 25.55708486 58.10823762, 25.55706827 58.10823466, 25.557032 58.10822554, 25.55701087 58.10822096, 25.55699434 58.10821676, 25.55697754 58.10821216, 25.55695792 58.1082051, 25.55694074 58.10820096, 25.55691696 58.1081964, 25.5568979 58.10819177, 25.55687313 58.10818673, 25.5568503 58.10818163, 25.55683433 58.10817635, 25.55681143 58.10817421, 25.55679085 58.10817304, 25.55676658 58.10817084, 25.55674323 58.10816817, 25.55672323 58.10816606, 25.55670052 58.10816189, 25.55665917 58.10815687, 25.55664073 58.10815671, 25.55661674 58.10815504, 25.55657292 58.10815273, 25.55654563 58.10815275, 25.55652172 58.10815353, 25.55649913 58.10815602, 25.55647479 58.10815796, 25.55645247 58.10816039, 25.55643037 58.10816414, 25.55640599 58.10816756, 25.55638246 58.10817262, 25.55636048 58.1081769, 25.55633693 58.1081822, 25.55631281 58.10818832, 25.5562916 58.10819479, 25.55626979 58.10820006, 25.55622212 58.10821503, 25.55619844 58.10822163, 25.55615373 58.1082327, 25.55613497 58.10823687, 25.55611525 58.10824358, 25.55607022 58.10824926, 25.55604001 58.10825223, 25.55601513 58.10825243, 25.55599185 58.10825232, 25.55594323 58.10825104, 25.55591755 58.10824926, 25.5558927 58.10824734, 25.55581843 58.10824034, 25.55579387 58.10823767, 25.55576757 58.10823593, 25.55571284 58.1082308, 25.55565985 58.10822846, 25.55563317 58.10822763, 25.55560805 58.10822709, 25.55558053 58.10822611, 25.55555286 58.10822541, 25.55552375 58.10822587, 25.55549634 58.10822585, 25.55546801 58.10822655, 25.55543986 58.10822752, 25.55540964 58.10822975, 25.55538538 58.10823059, 25.55536041 58.10823325, 25.55533263 58.10823514, 25.5553267 58.10823497, 25.55528066 58.10824304, 25.55525261 58.10824736, 25.55523137 58.10825144, 25.55521318 58.10825801, 25.5551844 58.10825946, 25.55515889 58.10826269), (25.5586233 58.10833542, 25.55862969 58.10832138, 25.55863914 58.10830733, 25.55865004 58.10829357, 25.5586598 58.10827805, 25.55866391 58.10826347, 25.55866724 58.10824879, 25.55866898 58.10823185, 25.55866868 58.10821653, 25.55866519 58.10818735, 25.55866239 58.10817107, 25.55865632 58.1081405, 25.55865272 58.10812536, 25.55865057 58.10810873, 25.55864757 58.10809382, 25.55864684 58.1080784, 25.55864469 58.10806287, 25.55864223 58.10804768, 25.55864197 58.10803408, 25.55864844 58.1080214, 25.55866346 58.10801106, 25.55868473 58.10800681, 25.55870471 58.10800496, 25.55874393 58.10799801, 25.55876259 58.10799805, 25.55878157 58.10799774, 25.55880093 58.10799998, 25.55881386 58.10800821, 25.55881946 58.10801966, 25.55882278 58.10803223, 25.5588241 58.10804528, 25.55882402 58.10805869, 25.55882603 58.10808768, 25.55882893 58.10810296, 25.5588315 58.10813253, 25.55883418 58.10817553, 25.55883275 58.10819148, 25.55883528 58.10823351, 25.55884 58.10827117, 25.55884321 58.10828423, 25.55884616 58.10829848, 25.55884877 58.10831417, 25.55885075 58.10832908, 25.55885175 58.10834323, 25.55885392 58.10835749, 25.55885523 58.10836949, 25.55884872 58.10838124, 25.5588379 58.10838864, 25.55881442 58.1083856, 25.55878873 58.10838327, 25.5587409 58.10837714, 25.5587187 58.10837542, 25.5586963 58.10837288, 25.5586749 58.108369, 25.55865488 58.10836417, 25.55863582 58.10835709, 25.5586238 58.10834729, 25.5586233 58.10833542))",EPSG:4326,"['2024-01-01', '2024-03-01']",marian_thistles,,,not_started,,,,,
"POLYGON ((27.3471559 59.14325512, 27.34712694 59.14327352, 27.34711403 59.14328143, 27.34708828 59.14329485, 27.34705939 59.14331221, 27.34702959 59.14332838, 27.34699584 59.14334616, 27.34696268 59.14336082, 27.34693919 59.14337311, 27.34691728 59.14338546, 27.34690168 59.14339386, 27.34688264 59.14340443, 27.34685371 59.14341982, 27.34682035 59.14344165, 27.34678025 59.14346148, 27.34673901 59.14347853, 27.3467029 59.14349695, 27.34666687 59.14351691, 27.34663283 59.14353688, 27.34657136 59.14357374, 27.34655158 59.14358685, 27.34649772 59.14362317, 27.34647106 59.14364147, 27.34645026 59.14366289, 27.34642145 59.14368001, 27.34639 59.14369982, 27.34636541 59.14371942, 27.34634371 59.14373972, 27.34631343 59.14376089, 27.34628444 59.14378039, 27.34626043 59.14379469, 27.34623239 59.14381363, 27.3462067 59.14382838, 27.34617876 59.14384209, 27.34615694 59.14386021, 27.34616046 59.14388157, 27.34617481 59.14389684, 27.34619548 59.1439125, 27.34621593 59.14392629, 27.3462361 59.14393809, 27.3462597 59.14396032, 27.34629085 59.14398333, 27.34632649 59.14400526, 27.34636265 59.1440262, 27.34639735 59.14404718, 27.34641881 59.14406177, 27.34660453 59.1441638, 27.3466164 59.1441692, 27.34662158 59.14417316, 27.34994794 59.14600032, 27.35081972 59.14642701, 27.35085049 59.14642735, 27.35089761 59.14641551, 27.35111359 59.14627417, 27.35145546 59.14602658, 27.35143706 59.14601454, 27.35142936 59.14601028, 27.35142794 59.14600927, 27.35141521 59.14600289, 27.35133718 59.14598735, 27.35115512 59.14593782, 27.35104429 59.14590125, 27.35102026 59.14590027, 27.35099205 59.14589475, 27.35095803 59.14588126, 27.35092968 59.14586344, 27.35053362 59.14573276, 27.3505291 59.14573379, 27.35049946 59.14573819, 27.35046873 59.14573457, 27.35044083 59.14572335, 27.35042559 59.14570208, 27.3504166 59.14567757, 27.35040626 59.14565787, 27.3504018 59.14563197, 27.35039467 59.14561298, 27.35039141 59.14560088, 27.35038427 59.14558009, 27.35038021 59.14555693, 27.35037896 59.1455376, 27.35039728 59.14552164, 27.35041466 59.14551433, 27.35042639 59.14550841, 27.35044811 59.14549851, 27.35046725 59.14549028, 27.35052564 59.14546677, 27.35056633 59.1454499, 27.3506078 59.14543525, 27.35064811 59.14541759, 27.35069219 59.14540015, 27.35071951 59.14537963, 27.35072285 59.14536182, 27.35070668 59.14534181, 27.35068137 59.14532182, 27.35066719 59.14530592, 27.35066002 59.14528958, 27.35066091 59.1452662, 27.35067507 59.14523887, 27.35069203 59.14521273, 27.35071562 59.14518574, 27.35073428 59.1451579, 27.35075271 59.1451312, 27.35077454 59.1451019, 27.35079556 59.14507475, 27.35081825 59.14504657, 27.35083876 59.14502041, 27.35085927 59.14499612, 27.35087823 59.14497006, 27.35090131 59.14494411, 27.35095053 59.14489562, 27.35097598 59.14487455, 27.35099838 59.1448583, 27.351024 59.14484438, 27.35105793 59.14483519, 27.35109467 59.14483241, 27.35113114 59.14483767, 27.35116564 59.14485018, 27.35119074 59.14486328, 27.35123849 59.1448846, 27.35126479 59.14489809, 27.35127361 59.14490061, 27.35130043 59.14491636, 27.35133148 59.14493607, 27.35135717 59.14495383, 27.35138016 59.14496854, 27.35143526 59.14500199, 27.3514622 59.14501862, 27.35148791 59.14503308, 27.35150553 59.14504265, 27.35152216 59.14504892, 27.35154468 59.14505822, 27.35158091 59.14507053, 27.35161809 59.14508244, 27.35164958 59.14509098, 27.35168413 59.14509896, 27.35170482 59.14510232, 27.35172483 59.14510516, 27.35174466 59.1451091, 27.3517617 59.14510477, 27.35178118 59.14510182, 27.35179221 59.14510135, 27.35179361 59.1451017, 27.35179854 59.14509767, 27.35181127 59.14509845, 27.35183284 59.14510071, 27.35185369 59.14510337, 27.35187524 59.14510568, 27.35189494 59.14510889, 27.35191621 59.14511262, 27.35193822 59.14511763, 27.35196079 59.14512183, 27.35198136 59.14512688, 27.35200253 59.14513235, 27.35202412 59.14513755, 27.352047 59.14514071, 27.35206732 59.14514252, 27.35209021 59.14514622, 27.35212725 59.14515495, 27.35214454 59.14516017, 27.35216486 59.14516562, 27.35220148 59.14517338, 27.35221952 59.14517686, 27.35223935 59.14517997, 27.35225778 59.14518179, 27.35227392 59.14518525, 27.3522922 59.14518965, 27.35231177 59.14519504, 27.35232843 59.14520055, 27.35235921 59.14520722, 27.35237307 59.14521163, 27.3523793 59.14521437, 27.35238016 59.14521492, 27.35238976 59.1452183, 27.35240407 59.1452231, 27.35241882 59.14522735, 27.35243825 59.14523119, 27.3524534 59.14523368, 27.35247419 59.14523593, 27.35249249 59.14523744, 27.35251326 59.14523825, 27.3525314 59.14523859, 27.35254067 59.14523744, 27.35255372 59.14523795, 27.35257193 59.14523629, 27.35258994 59.14523492, 27.35260975 59.14522984, 27.3526269 59.14522455, 27.35264385 59.14521751, 27.35267407 59.14520226, 27.35269005 59.14519487, 27.35270217 59.14518645, 27.35271298 59.14517626, 27.35272628 59.1451682, 27.35273686 59.14515865, 27.3527479 59.14515008, 27.35275629 59.14513996, 27.35276405 59.14513183, 27.35277731 59.14512272, 27.35279001 59.14511483, 27.35279872 59.14510588, 27.35280362 59.14510261, 27.3528104 59.14508417, 27.3528103 59.14507245, 27.35280613 59.14506114, 27.35279675 59.14505056, 27.35278694 59.14504189, 27.35277275 59.14503376, 27.3527578 59.14502706, 27.3527425 59.14502079, 27.35272327 59.14501355, 27.35269976 59.14499427, 27.35269412 59.14498371, 27.35269515 59.14496362, 27.35269424 59.14495214, 27.35268869 59.14494109, 27.3526804 59.14493062, 27.35267068 59.14492046, 27.35265838 59.14490992, 27.35264528 59.1449004, 27.35263098 59.14489119, 27.35261752 59.14488433, 27.35260243 59.14487856, 27.35259796 59.14487664, 27.35258745 59.14487855, 27.35255583 59.14488109, 27.35252996 59.14487966, 27.35250149 59.14487305, 27.35247703 59.14486345, 27.35245068 59.14485231, 27.35240092 59.14482762, 27.35239768 59.14482541, 27.35239086 59.14482295, 27.35237718 59.14481553, 27.35233507 59.14480559, 27.35231481 59.14479996, 27.35229775 59.1447936, 27.35228136 59.14478667, 27.35226056 59.14477951, 27.35223955 59.14477329, 27.35223661 59.14477163, 27.35221667 59.1447643, 27.35220062 59.14475694, 27.3521866 59.14474954, 27.35217131 59.14474253, 27.35215684 59.1447375, 27.35214003 59.14473002, 27.35212588 59.14472295, 27.35211886 59.14471369, 27.35211432 59.14470366, 27.35210184 59.14469349, 27.35208461 59.1446837, 27.35206915 59.14467565, 27.35205451 59.14467028, 27.35203683 59.14466469, 27.35202263 59.1446585, 27.35200752 59.14465118, 27.35198899 59.14464628, 27.351972 59.14463971, 27.351957 59.14463077, 27.35194223 59.14462279, 27.35190833 59.14461035, 27.35189017 59.14460425, 27.35186823 59.14460149, 27.35184645 59.1445996, 27.35182799 59.14459627, 27.35180766 59.14459099, 27.35178995 59.14458508, 27.35177929 59.14458027, 27.35177177 59.14457469, 27.35176306 59.14456758, 27.35175604 59.14456456, 27.35174964 59.14455928, 27.35174597 59.14455132, 27.35174061 59.14454412, 27.35173652 59.1445338, 27.35174011 59.14452145, 27.35174406 59.14451141, 27.3517496 59.14449085, 27.3517544 59.1444802, 27.35175805 59.14447007, 27.35176351 59.14446016, 27.35176777 59.14444932, 27.3517748 59.14443789, 27.35178069 59.14442668, 27.35178833 59.14441622, 27.3518007 59.14440658, 27.35181384 59.1443978, 27.35182362 59.14438789, 27.35184825 59.1443681, 27.35186338 59.14435889, 27.35187812 59.1443509, 27.3518919 59.14434308, 27.35190668 59.14433367, 27.35192235 59.14432498, 27.35193922 59.14431709, 27.35195408 59.14430948, 27.35197017 59.14430178, 27.35198523 59.14429618, 27.35201717 59.14428303, 27.35203204 59.14427793, 27.3520526 59.14427438, 27.35207178 59.14427028, 27.35208516 59.1442661, 27.35209842 59.14425906, 27.352104 59.14425537, 27.35211564 59.14424565, 27.35212768 59.1442365, 27.35214575 59.14421875, 27.352153 59.14420881, 27.35216259 59.14419766, 27.35217363 59.14418799, 27.35218201 59.14417712, 27.35220897 59.14414583, 27.35221672 59.144134, 27.35222259 59.14412219, 27.35222955 59.14411075, 27.35223368 59.14409922, 27.35223323 59.14408834, 27.35223881 59.14407728, 27.35223977 59.14406683, 27.35223817 59.14405511, 27.35223632 59.14404446, 27.3522356 59.14403385, 27.35223415 59.14402233, 27.3522279 59.14400963, 27.3522256 59.14399922, 27.35221855 59.14398927, 27.35221041 59.1439814, 27.35220605 59.14397756, 27.35220183 59.1439706, 27.35219066 59.14395941, 27.35218243 59.14394852, 27.3521779 59.14393975, 27.35216955 59.14393246, 27.35216448 59.14392579, 27.35215892 59.14391984, 27.35215359 59.14391096, 27.35214477 59.14390053, 27.35213926 59.14389152, 27.35213589 59.14388023, 27.35213953 59.14386855, 27.35214673 59.14385949, 27.35215796 59.14384968, 27.35216941 59.14384162, 27.35218589 59.14383301, 27.35220379 59.14382551, 27.35223134 59.14381087, 27.35224409 59.14380377, 27.35225854 59.14379618, 27.3522711 59.14378782, 27.35228621 59.14377888, 27.35230153 59.1437704, 27.35231532 59.14376332, 27.35233073 59.14375471, 27.35234705 59.14374654, 27.35236209 59.14373799, 27.35237804 59.14373156, 27.35239222 59.14372755, 27.35240075 59.14372369, 27.35241659 59.14371699, 27.35242974 59.14370812, 27.35243999 59.14369961, 27.35245237 59.1436913, 27.35246328 59.1436825, 27.35247512 59.14367464, 27.35248748 59.14366745, 27.35249966 59.14365949, 27.35251348 59.14365108, 27.35252801 59.14364286, 27.35254187 59.14363399, 27.35255311 59.1436245, 27.35256456 59.14361687, 27.35257605 59.14361081, 27.35258846 59.14360306, 27.35260002 59.14359474, 27.35261124 59.14358604, 27.35262085 59.14357785, 27.35263247 59.14356882, 27.35264558 59.14355951, 27.35265756 59.14355168, 27.35266833 59.14354423, 27.35268126 59.14353442, 27.35269445 59.14352495, 27.35270373 59.14351618, 27.35271707 59.14350795, 27.35272789 59.14349956, 27.35273983 59.14348966, 27.35275031 59.14348054, 27.35275964 59.14347357, 27.35277159 59.14346602, 27.35279662 59.14344706, 27.35280956 59.14343828, 27.35282145 59.14342978, 27.35283032 59.14342173, 27.35284109 59.14341342, 27.3528536 59.14340457, 27.35286489 59.14339359, 27.35287087 59.14338334, 27.35287869 59.14337447, 27.35289956 59.14335417, 27.35290831 59.14334301, 27.3529146 59.14333304, 27.35292097 59.14332208, 27.35292837 59.1433109, 27.35293522 59.14329994, 27.35294341 59.14328996, 27.35294938 59.14327992, 27.35295495 59.14326945, 27.35295849 59.14325759, 27.35296526 59.14324526, 27.3529746 59.14323389, 27.35299683 59.1432124, 27.35300661 59.14320203, 27.35301671 59.14319298, 27.3530285 59.1431841, 27.35303931 59.14317406, 27.35305054 59.14316417, 27.35306371 59.14315576, 27.35307581 59.14314763, 27.35308597 59.14313793, 27.35311293 59.14312077, 27.35312642 59.14311249, 27.35314007 59.14310473, 27.35315501 59.14309585, 27.35316759 59.14308675, 27.35318108 59.14307775, 27.35319443 59.14306717, 27.35320398 59.14305775, 27.35321575 59.14305002, 27.35324033 59.14303333, 27.3532474 59.14302663, 27.35325565 59.14301981, 27.35326704 59.14301193, 27.35327713 59.14300367, 27.35328476 59.14299549, 27.3532945 59.1429873, 27.35331549 59.14297085, 27.3533255 59.14296082, 27.35333656 59.14295178, 27.35334796 59.14294388, 27.3533771 59.14292746, 27.35340187 59.14290948, 27.35341487 59.14290283, 27.35342621 59.14289453, 27.35343906 59.14288789, 27.35345217 59.14288044, 27.35346695 59.142875, 27.35348225 59.14286872, 27.35349791 59.14286358, 27.35351371 59.14285751, 27.35365037 59.1427759, 27.35216802 59.14174694, 27.35216083 59.14174712, 27.35206592 59.14176907, 27.35203589 59.14176985, 27.35203466 59.14177035, 27.3520124 59.14177442, 27.35198274 59.14177207, 27.3519532 59.14176328, 27.35186956 59.14170751, 27.35185508 59.14170221, 27.35184081 59.14169412, 27.35182404 59.1416827, 27.35181143 59.14166862, 27.35181184 59.14166127, 27.35176982 59.14163142, 27.35172668 59.14162169, 27.35167954 59.14161423, 27.35161847 59.14161087, 27.35158954 59.14161836, 27.35152226 59.14163758, 27.35136293 59.14167779, 27.35127651 59.14169823, 27.35119114 59.14171877, 27.351113 59.14173964, 27.35103983 59.14175762, 27.35097156 59.14177322, 27.35091324 59.14178986, 27.35085907 59.14180127, 27.35080969 59.14181068, 27.35078233 59.14181424, 27.35077329 59.14181613, 27.35076141 59.14181844, 27.35075858 59.14181884, 27.35071727 59.14182699, 27.35069471 59.14182832, 27.35066682 59.14182692, 27.35063764 59.1418215, 27.35061004 59.14181344, 27.35058731 59.14180318, 27.35056879 59.14178939, 27.35056124 59.14176777, 27.35056469 59.14174038, 27.35055774 59.14171321, 27.35053847 59.14168439, 27.35049925 59.14166042, 27.35045753 59.14164716, 27.3504104 59.14164259, 27.35038131 59.14164182, 27.35033873 59.14164349, 27.35029599 59.14165085, 27.35024271 59.14166404, 27.35019313 59.1416801, 27.35014406 59.14169526, 27.35009726 59.14170998, 27.35004527 59.14172453, 27.34999108 59.14173883, 27.34994321 59.14175468, 27.34992288 59.14176193, 27.34782945 59.14278234, 27.34777992 59.1428155, 27.34773351 59.14284571, 27.3476865 59.14287727, 27.34764487 59.1429086, 27.34760791 59.14293785, 27.34757338 59.14296656, 27.34754237 59.14299133, 27.34751126 59.14301291, 27.34746072 59.14304871, 27.3474292 59.14307216, 27.34739683 59.14309262, 27.34736537 59.14311185, 27.34733312 59.143133, 27.34729543 59.14315507, 27.34726375 59.14317684, 27.34723818 59.14319734, 27.34721219 59.14321707, 27.34717505 59.14324478, 27.34716041 59.14325227, 27.34715594 59.14325489, 27.3471559 59.14325512), (27.35151537 59.1448733, 27.35152085 59.14485498, 27.35152966 59.1448356, 27.35154792 59.14481727, 27.35156721 59.14480158, 27.35158243 59.14478655, 27.35160704 59.14477563, 27.35163107 59.14477081, 27.35166908 59.14477125, 27.3517101 59.1447793, 27.35174851 59.14478912, 27.35179382 59.14479737, 27.35182762 59.14480102, 27.35187836 59.14483185, 27.35190276 59.14483973, 27.35193182 59.14484744, 27.35195871 59.14485765, 27.35197124 59.14486768, 27.35197522 59.14488385, 27.35196113 59.14489913, 27.35192955 59.14491128, 27.35189304 59.14492593, 27.35188881 59.14492925, 27.35184617 59.14495483, 27.35182578 59.1449731, 27.35180211 59.14498871, 27.35177429 59.14499484, 27.35173971 59.14499367, 27.3517059 59.14498427, 27.35167318 59.14497337, 27.3516471 59.14496307, 27.35162848 59.14495261, 27.35159884 59.14493817, 27.35157182 59.14492379, 27.35154543 59.14491277, 27.35152797 59.14490414, 27.35151741 59.14488952, 27.35151537 59.1448733))",EPSG:4326,"['2024-01-01', '2024-03-01']",marian_thistles,,,not_started,,,,,
